Province_id,Province_name,Year,Pop,Pop_den,Literate,Trained,GDPpc,Real_gdp_pc,Real_grdp,Agri,Indus,Service,tax_rev,cus_rev,Total_in,Domestic_in,FDI_in,Dom_in_rate,Registered_FDI,Nonpublic_wage,FDI_eachyear,Total_internet,Total_phones,Market_cost,Land_cost,Time_cost,Unofficial_cost,Proactive_leadership,Business_support,Legal_quality,Accum_FDI_pro,Accum_FDI,FDI_Projects,FDI_regis,Net-migration
1,Ha Noi,2015,7433.6,2213,98.5,53.2,90.5,66.9,497473,13100,103509,318937,61927000,15681000,208917,,22276,0.9,845,5839,9398,4268000,26242,7.6,4.1,5.6,4.3,3.9,6.5,4.6,3467,25490.9,364,1126.9,
1,Ha Noi,2016,7590.8,2260,98.7,56.9,96.3,70.2,533091,13493,112546,340806,66246000,16945000,234156,,23825,0.9,1913,7079,9798,4400000,29788,7.5,4.2,5.9,4.7,3.8,6.8,4.2,3960,25748.8,462,3390,
1,Ha Noi,2017,7742.2,2305,98.7,60.7,104.1,73.9,572503,13711,123341,365297,70154000,18165000,257115,,27201,0.9,1486,6589,11013,4497000,28984,6.7,5.3,7.2,4.4,4.1,7.7,4.9,4500,27638,554,3059.1,
1,Ha Noi,2018,7914.5,2356,98.8,63.2,111.6,77.6,614035,14260,133972,391864,73939000,17542000,283083,,30996,0.9,5040,7905,12725,5100000,32656,8.2,5.9,7.1,5.6,5.1,7.2,5.5,5110,33134.7,640,7547.8,
1,Ha Noi,2019,8093.9,2410,99.2,67.5,119.7,81.7,660900,14207,147529,421031,78133000,19281000,317212,,37702,0.9,1606,13204,8911,5683000,28345,8,6.6,7.2,5.9,6,7.1,6.3,5970,34343.7,919,8669.7,
26,Vinh Phuc,2015,1054.5,0.9,98,22.3,70.1,60,63292.6,4285.8,29691,12427.5,16888.3,2974,23399,,6040.6,0.742,268,5334,5970,,,8.4,6.1,7.5,5.9,5.8,5.3,6.3,268,3781.5,35,379.6,
26,Vinh Phuc,2016,1106.1,0.9,98.2,24.1,78,56.3,62257,4377,25163,12892,19826,3215948,20800,,6153,0.7,275,5248,7797,31301,882879,8.5,5.7,6,5.5,5.5,5.6,5.8,266,3874.7,31,396.1,
26,Vinh Phuc,2017,1123.1,0.9,98.3,24.4,84.9,59.6,66908,4513,27980,13964,20450,3743245,23271,,6883,0.7,135,6340,8839,26409,861319,7.1,5.8,7.3,6.1,6,6.8,6.3,312,4038.1,45,202,
26,Vinh Phuc,2018,1138.4,0.9,98.5,24.8,94.5,63.6,72369,4689,32569,15063,20049,4866062,26205,,9424,0.6,334,7332,9065,22155,881519,6.8,5.7,5.9,6,6,6.4,5.8,365,33134.1,63,475.1,
26,Vinh Phuc,2019,1154.8,0.9,98.7,25.1,103,67.7,78233,4559,36843,16063,20767,4062413,28508,,12290,0.6,557,,,16678,1242703,8.7,6.4,7.2,6.6,6.4,6.1,6.5,417,5078.9,60,586.2,
27,Bac Ninh,2015,1218.5,1.5,97.8,24.4,105.6,69.6,84810,3994,60838,15915,4064,4584800,47784,,29276,0.4,3574,5497,9019,218231,1236224,8.1,5.9,6.4,4.2,5.1,5.4,5.4,721,11328.3,136,3663,
27,Bac Ninh,2016,1257.8,1.5,97.9,23.7,109,71.6,90027,4007,64416,17536,4067,5126400,65420,,44100,0.3,912,6144,9545,496586,1321084,8.3,6,6.5,5.1,5.3,5.6,4.9,936,12572.5,188,924.9,
27,Bac Ninh,2017,1297.8,1.6,98,26.6,129.8,82.6,107252,3948,79625,19138,4541,5670711,98547,,76469,0.2,3491,7053,9898,569944,1365456,7.3,6.6,6.7,5.9,5.8,6.9,5.4,1138,16178.4,188,3623.7,
27,Bac Ninh,2018,1337.3,1.6,98.2,27.9,145,89.3,119406,4035,89905,20553,4914,6126956,67584,,44295,0.3,1443,8250,9951,662345,1585725,7.2,6.4,7.1,5.3,6,6.5,6.1,1304,17289,175,1150.7,
27,Bac Ninh,2019,1378.6,1.7,98.8,27.6,144.8,87.6,120747,3719,89823,22084,5122,6040457,47766,,24408,0.5,1696,8663,10449,695000,1765000,6.9,7.6,7.2,7.2,7.3,6.6,7.9,1518,18962.2,254,1695.2,
22,Quang Ninh,2015,1241.6,0.2,96.73,35.2,91.7,62.6,77678,5524,38003,24096,10055,14514317,38868,,8632,0.8,366,3648,7682,,1546700,9.2,9,8.9,8.8,8.8,8.8,8.8,111,5380.7,11,438.9,
22,Quang Ninh,2016,1261.2,0.2,96.75,35.3,100.9,67.9,85580,5779,41784,27232,10785,12753347,42623,,8891,0.8,559,5588,7154,,2004500,8.5,8.5,8.5,8.5,8.4,8.4,8.4,123,5976.4,11,591.1,
22,Quang Ninh,2017,1285.2,0.2,97.2,37.2,111.3,73.3,94246,6032,44971,30465,12777,10946129,46697,,2458,0.9,101,6399,7497,,2037125,8.9,6.4,7.7,5.8,6.4,7.5,5.6,119,5864.1,7,59.7,
22,Quang Ninh,2018,1303.9,0.2,96.8,39.8,127.5,80.6,105084,6317,49986,34405,14376,7799287,50880,,3666,0.9,386,6416,7957,190590,1419225,8,7.8,7.7,6.8,6.2,6.6,6,121,6231.3,175,1150.7,
22,Quang Ninh,2019,1324.8,0.2,98.98,43,143.2,88.7,117491,6345,57133,38517,15496,9345369,56108,,4173,0.9,171,,,199264,1520371,7.2,7,7.9,7.1,8,6.7,7.6,129,6317,16,242.1,
30,Hai Duong,2015,1812.8,1.1,98.5,18.8,44.8,31.6,57326,7823,30146,19357,,2174000,22844,,4268,0.8,264,5364,5707,96700,1993000,8.3,8.2,8.2,8.2,8.2,8.2,8.2,376,7385.2,28,407.2,-1.1
30,Hai Duong,2016,1832.8,1.1,98.5,19.1,48.8,34.4,63049,8054,34060,20935,,2321,31774,,7686,,157,6714,,120300,2140000,8.5,5.6,6.1,5.2,5.2,5.3,5.3,383,7449.2,29,470.7,-1.1
30,Hai Duong,2017,1850.6,1.1,99,20.7,53.9,37,68504,7944,37912,22648,,3329000,28483,,8233,0.7,248,6224,6909,202500,2243000,7.7,6.7,6.3,5.5,4.9,6.2,5.6,385,7847.1,48,353.6,-1
30,Hai Duong,2018,1877.7,1.1,99,21.8,61.2,40.1,75298,8416,42684,24198,,3322000,30408,,8617,0.7,232,6851,7607,243600,2419000,6.7,6.7,7,6.2,6,5.5,6.2,405,7758.3,45,639.5,1.8
30,Hai Duong,2019,1896.9,1.1,99,22.6,67.4,43.1,81829,8157,47813,25860,,3858000,33516,,9472,0.7,475,,,299700,2480000,7.5,7.4,6.1,4.9,6,6.2,5.7,452,8178,71,691.4,-2.6
31,Hai Phong,2015,1963,1,98,32,64.7,52,102074,102074,102074,102074,6952,6952,,,,,699,5343,6575,171728,10922500,8,5,6,5,4,6,5,513,11651,50,903,
31,Hai Phong,2016,1985.3,1.3,98.1,32.6,75.3,55.6,110454,6722,44892,51044,7794,40211000,44394,,13337,0.7,2467,5733,6822,187872,10375100,8.3,5,5.8,4.6,4.4,6.1,5.3,561,14464.5,54,3043.2,
31,Hai Phong,2017,2001.4,1.3,98.3,33.8,87,62.9,125884,6867,53441,56803,8732,45114000,59282,,15326,0.7,258,5992,8068,226380,10070400,7.9,5.9,5.7,6,5.2,6.7,5.5,606,15208.8,60,948.9,
31,Hai Phong,2018,2016.4,1.3,98.3,31.3,104.3,72.5,146224,7063,67902,61714,9543,47040000,81040,,27154,0.7,743,7121,9225,336197,11660700,7.4,6.5,6.1,5.2,5.5,6.8,6.1,715,17672.2,116,3135.4,
31,Hai Phong,2019,2033.2,1.3,99,31.6,121.2,83.9,170520,7175,84389,68450,10503,59598000,113409,,29203,0.7,639,,,380768,11421300,7.1,6.9,5.7,6.1,6.1,6.9,6.7,779,18748.6,88,1374,
33,Hung Yen,2015,1202,1.3,98,19.04,49.1,32.4,38890,5121,20982,10081,2706,2518518,16688,,4828,0.7,283,5471,7383,73733,118205,8.2,8.2,8.2,8.2,8.2,8.1,8.1,372,3443.5,34,329.6,
33,Hung Yen,2016,1215.5,1.3,98.3,19.32,53.8,34.5,41979,5247,22848,10860,3024,2751940,19678,,5958,0.7,340,6040,7066,104409,119009,8.2,4.8,5.7,5.2,5,5.2,5.6,404,3597.5,43,403.2,
33,Hung Yen,2017,1228.8,1.3,98.5,19.94,59.3,37.1,45610,5339,25241,11696,3335,3376200,21855,,6642,0.7,444,7034,7940,129255,122978,7.4,5.8,5.3,4.2,4.5,6.4,5.4,396,4242.4,41,811.8,
33,Hung Yen,2018,1242.4,1.3,98.6,19.91,66.9,40.1,49865,5520,28250,12573,3522,3341324,23408,,7359,0.7,139,7623,8295,184653,157611,7.5,5.7,6.8,4.7,6.2,6.4,6.3,424,4448.9,30,487.3,
33,Hung Yen,2019,1255.8,1.4,98.9,25.38,73.9,43.5,54635,5674,31728,13396,3837,3817322,24139,,7976,0.7,364,,,141331,139024,6.2,7.9,5.9,6.3,6,6.2,6.1,470,4899.4,47,488.2,
34,Thai Binh,2015,1830.4,1.2,98.4,16.3,27,20.5,37559,11036,11207,13259,2057,1245000,24168,,5713,0.8,44,3923,4318,334600,1506000,8.3,8.3,8.3,8.3,8.2,8.2,8.2,61,472.5,8,49.6,
34,Thai Binh,2016,1838.1,1.2,98.7,16.8,31,22.3,40975,11406,12310,14443,2816,2197000,25652,,959,1,41,4041,5293,503000,1546000,8.8,5.5,6.9,5.6,5,4.7,5.1,69,511.3,9,62,
34,Thai Binh,2017,1846.1,1.2,98.8,17.5,35,24.6,45481,11686,15030,15659,3106,1204000,33237,,1401,1,108,4566,5050,537000,1964000,7.8,5.2,6.5,5.1,5.4,6.5,5.5,75,605.7,11,105.8,
34,Thai Binh,2018,1854.1,1.2,98.9,18.28,40,27.1,50270,12150,18132,16704,3284,1274000,34363,,1322,1,48,5222,6591,736000,2189000,7,6.2,6.4,6.3,5.6,6.2,6.3,81,647.2,6,56.1,
34,Thai Binh,2019,1862.2,1.2,99,21.8,45,27.9,52000,12000,20000,16000,3000,1222000,35621,,1561,1,51,,,956800,1678400,7.7,6.3,7.5,6.3,6.9,5.6,6.6,87,706.4,7,67.5,
35,Ha Nam,2015,824.3,1,98.2,16.9,38.8,27.6,22752,3488.7,11340.7,6531,1391.2,676667,14624,,1878,0.9,419,5111,5745,54700,802000,8.3,8.3,8.3,8.2,8.2,8.2,8.2,165,1438.5,36,355.3,
35,Ha Nam,2016,832.2,1,98.4,17,45.1,30.8,25620,3579.4,13056.1,7157.4,1827,1049382,16509,,4770,0.7,607,5569,6936,88900,837900,8,5.8,6.4,5.8,5.4,4.9,5.4,196,2118.3,32,727.2,
35,Ha Nam,2017,839.8,1,98.4,18.1,48.8,33.8,28389,3462.8,14878.9,7842.7,2204.6,1183609,18083,,5364,0.7,126,6867,6973,111100,815400,7.8,6.3,7,5.4,6.1,6.2,5.8,215,605.7,20,297.7,
35,Ha Nam,2018,847.1,1,98.5,19.1,56.3,37.5,31764,3510.9,17429.7,8412.6,2410.5,1493367,22530,,4162,0.8,445,6537,6992,98400,885400,8,6.2,6.5,5.8,6.2,6.4,5.7,253,2801.5,45,453.6,
35,Ha Nam,2019,854.5,1,98.6,19.9,62.9,41,35000,4000,22000,10000,NA,1895618,24026,,4867,0.8,714,6763,7257,128200,872800,7.1,6.8,6.8,5.4,6.8,6.9,6,310,3621.5,63,864.2,
37,Ninh Binh,2015,948.5,0.7,97.8,23.3,41.1,29.5,28007,3867,8978,10728,4434,756702,15943,,719,1,19,4597,4612,55823,1200861,8.3,8.3,8.3,8.3,8.3,8.3,8.2,51,1206.5,8,43.5,
37,Ninh Binh,2016,956.8,0.7,97.9,27.4,43.6,31,29653,3948,9277,11710,4718,1772395,17724,,1293,0.9,34,4978,4923,86271,1144391,8.7,5.8,6.9,5.9,4.5,4.2,5.5,57,1296.7,5,99.2,
37,Ninh Binh,2017,965.4,0.7,97.9,26.9,47.8,33.2,32090,3958,10534,12358,5240,2667316,18687,,1492,0.9,18,5088,5084,99934,769861,7.7,6.4,7,6.1,6.4,4.9,6.1,59,1266.3,8,225.6,
37,Ninh Binh,2018,974.7,0.7,97.5,27.2,54.3,36.1,35199,4064,12470,13136,5529,3781195,17212,,1902,0.9,83,5134,6163,100542,791081,7.5,6.2,6.6,6.4,5.6,6.3,5.9,68,1250.2,13,217.2,
37,Ninh Binh,2019,984.5,0.7,99.6,29.5,60.3,39.2,38601,4150,14520,14008,5922,3549329,17388,,1854,0.9,32,,,124269,897734,6.7,7,7,5.8,6.3,5.6,7.2,74,1396.6,7,149.5,
36,Nam Dinh,2015,1796.9,1.1,98,14.4,26.1,26.1,46811,11895,16448,17145,1324,255610,15764,,1430,0.9,122,2114,2240,72536,1934530,8.5,8.5,8.5,8.5,8.5,8.4,8.4,81,679,36,355.3,
36,Nam Dinh,2016,1792.5,1.1,97.8,14.4,28.3,28.3,50784,12498,17852,18909,1524,296204,18881,,2577,0.9,259,4212,4145,119670,1946861,8.6,5.8,6.2,5.5,5,5.9,3.9,76,921.5,14,331.4,
36,Nam Dinh,2017,1788.2,1.1,98.1,18.3,30.9,30.9,55250,12212,20451,20827,1761,371269,20653,,2878,0.9,2136,4176,5161,197411,1956692,7.6,6.5,6.7,4.6,4.5,6.4,6.7,91,3118.7,16,2318.7,
36,Nam Dinh,2018,1784.2,1.1,98.4,18.7,34.9,34.9,62310,13416,23964,23001,1929,373517,22927,,3015,0.9,137,5224,5117,206731,1517028,6.5,7,7,7,6.5,6.2,6.6,102,3281.6,15,272.6,
36,Nam Dinh,2019,1780.9,1.1,98.7,20.3,39.7,39.7,70625,14551,28414,25512,2149,415274,26302,,3598,0.9,225,5404,5528,220426,1513602,8.2,6.3,6.4,5.8,6.1,6.3,6.7,109,1396.6,10,267.7,
6,Bac Kan,2015,305.7,0.1,93.9,16.6,28,19,5805,1853,,,195,37001,2471,,10,1,,4581,4581,,30269,8.2,8.2,8.2,8.1,8.1,8.1,8.1,6,14.3,2,0.3,
6,Bac Kan,2016,307.7,0.1,93.9,15.5,29.8,19.9,6115,1874,,,197,2197,3092,,1,1,,4189,4189,,31151,8.1,5.8,6.1,4.6,4.3,4.7,5.6,3,13,0,0,
6,Bac Kan,2017,309.9,0.1,93.2,17.2,32.4,20.9,6475,1936,,,206,1897,3240,,1.1,1,,5943,5943,26875,31611,6.3,5.1,4.8,4.3,4.2,6.3,6.1,3,13,0,0,
6,Bac Kan,2018,312.1,0.1,92.3,17.5,35.4,21.8,6811,1998,,,223,1746,3424,,14.1,1,0,5953,5953,28947,52468,7,6.6,5.2,5.8,4.9,4.7,6.5,4,13.2,0,0.1,
6,Bac Kan,2019,314.4,0.1,91.7,16.1,38.3,22.9,7189,2043,,,230,13000,3569,,35.9,1,8,6798,6798,32000,278990,6.8,5.8,5.2,5.6,5.8,5.2,7,4,6.3,1,4.4,
2,Ha Giang,2015,806.7,1,74.9,9.5,20.1,13.4,10785,3630.36,2192.64,4308.28,654.21,174705,4238,,,,,4013,2461,39400,525637,8.1,8,8,8,7.9,7.9,7.9,7,10.29,0,0,
2,Ha Giang,2016,820.4,1,75.8,10.1,21.9,14,11489,3821.07,2347.95,4605.98,714.37,202414,4830,,,,,4305,2974,48076,543465,8.7,5,6.2,5.1,4.5,5.7,4.8,7,10,0,11.1,
2,Ha Giang,2017,833.7,1.1,73.9,12.5,24,14.8,12376,3955.66,2728.62,4925.68,765.93,216303,5521,,,,,4859,2053,50885,557552,7.9,6.1,7.3,4.5,5.3,6.3,7,9,11.1,3,5,
2,Ha Giang,2018,846.5,1.1,72.4,13.5,26.2,15.6,13197,4095,3049.96,5237.15,815.1,185337,6440,,3053,0.5,,5100,2678,51624,558119,7.6,5.9,7,5.1,5.4,7.3,6.4,8,6.6,2,0.6,
2,Ha Giang,2019,858.1,1.1,73.5,12.5,28.1,16.3,13989,4243.65,3358.49,5569.45,816.97,206960,7462,,5482,0.3,,5590,1700,71853,606534,7.8,6.6,7.2,5.6,6.1,5.8,6.6,6,4.1,0,0.5,
4,Cao Bang,2015,522,0.1,85.1,18.8,19.9,14.2,7403.9,2152,1387.2,3528.4,336.3,241,5307,,,,-,5136,2464,23183,509968,8.5,8.4,8.4,8.4,8.3,8.3,8.3,24,51.2,0,0,
4,Cao Bang,2016,524.2,0.1,84.9,19.8,25.1,16.7,8780,2180,1593,4687,319,203913,5685,,,,-,5658,2947,28797,508928,8.3,4.8,5,3.3,3.4,5.4,5.6,26,72,1,15,
4,Cao Bang,2017,526.4,0.1,85.4,21,27.5,17.9,9402,2244,1873,4945,339,205333,6501,,,,11,6187,1716,35056,493216,7.3,4.4,5,4.1,3.6,7.2,5.6,27,29.9,1,8.2,
4,Cao Bang,2018,528.7,0.1,85.6,20.3,30.6,19,10061,2293,2161,5236,372,250288,6544,,7,,-,7302,2854,42871,516012,7.7,5.1,4.9,4.8,4.2,6.8,5.7,21,60.2,0,0,
4,Cao Bang,2019,530.9,0.1,85.7,20.6,33.8,20.3,10779,2351,2480,5553,395,349486,6977,,2,,-,7375,2900,68589,719928,7.5,5.2,5.7,5.4,5.3,6.5,6.5,18,52.4,0,0.2,
8,Tuyen Quang,2015,756.2,0.1,94.5,20.5,28.9,19.7,14873,4061,4738,5717,355,15196,4448,,20,,-,4419,3685,26610,737200,7.9,7.9,7.9,7.8,7.8,7.6,7.6,6,164.5,0,5.4,
8,Tuyen Quang,2016,763.4,0.1,94.6,20.2,30.6,21.1,16076,4222,5156,6302,394,87139,4819,,86,1,-,4631,4196,35024,737653,7.9,6.3,5.8,5.3,4.8,4.7,4.7,7,159,0,44.7,
8,Tuyen Quang,2017,770.5,0.1,94.7,16.1,32.5,22.4,17284,4394,5616,6857,416,88479,5598,,193,1,3,5165,3542,41288,726146,8.3,6.1,5.8,4.6,5.1,6.1,6,8,161.8,1,2.8,
8,Tuyen Quang,2018,778.4,0.1,94.6,19.2,36.3,23.9,18635,4593,6052,7529,460,106937,5921,,169,1,25,5788,5999,56900,631382,8,6.3,6.2,5.4,5.5,5.6,7.1,9,186.8,1,26.6,
8,Tuyen Quang,2019,786.3,0.1,94.3,21.1,39.1,25.6,20134,4776,6536,8306,515,108055,6596,,67,1,17,5577,5295,77379,640178,8,7.1,6.6,6.3,6.2,5.4,7.7,16,204.1,7,20,
10,Lao Cai,2015,684.5,0.1,83.1,18.7,46.5,29.7,20327,3235,6753,8186,2153,1379629,11871,,61,1,0,5948,8378,34221,622000,8.6,8.6,8.6,8.6,8.6,8.6,8.6,30,838.6,0,0,
10,Lao Cai,2016,696.5,0.1,83.6,18.9,50.5,31.9,22249,3444,7566,8988,2251,1141464,12148,,66,1,64,5931,10717,43602,672692,8.7,5.7,6.4,5.4,6.4,6,6.9,29,572.7,2,27.3,
10,Lao Cai,2017,708.6,0.1,82.2,19.1,56,34.5,24482,3634,8694,9805,2349,1864768,14178,,85,1,133,5977,11838,53099,698279,7.4,6.4,6.1,5.6,6.8,7.4,6.3,30,580.6,2,18.1,
10,Lao Cai,2018,720.8,0.1,81.9,19.1,63.1,37.3,26854,3826,9883,10553,2592,2303990,14608,,63,1,,6880,12473,59085,709062,7.3,6,6.9,6.3,6.7,6.3,8,30,580.6,0,0.8,
10,Lao Cai,2019,733.3,0.1,82.1,19.2,70.1,40.5,29704,3963,11516,11350,2875,2170000,15271,,27,1,1,,,64051,742069,6.6,7.1,5.3,5.6,7,5.8,6.5,30,576.4,1,0.9,
15,Yen Bai,2015,793.1,0.1,88.9,16.9,25.9,17,13522,3485,3473,5940,624,37,6714,,195,1,79,4752,5161,168405,542295,8.8,8.8,8.7,8.7,8.7,8.7,8.7,22,207.4,2,78.7,
15,Yen Bai,2016,800.3,0.1,88.9,16,28.2,17.9,14359,3637,3700,6334,688,32,7776,,272,1,2,5228,5915,198424,60067,8.4,5.8,6.2,5.2,5.5,5.4,5,21,204.1,1,2.9,
15,Yen Bai,2017,807.3,0.1,89.7,16.6,30.9,18.9,15272,3796,4082,6688,706,NA,8033,,180,1,237,5923,4297,223760,65407,7.7,5.4,5.9,4.3,5.2,6.9,6.2,21,435.8,4,238.1,
15,Yen Bai,2018,814.6,0.1,88.8,17.8,33.9,19.9,16241,3990,4402,7062,787,NA,8148,,191,1,1,5496,5289,229759,680722,7.6,6,5.8,5.6,5.3,6.1,6.9,21,387.6,1,8.2,
15,Yen Bai,2019,823,0.1,88.5,17.4,36.8,21.1,17388,4192,4894,7472,831,NA,10217,,337,1,22,5451,5722,271029,763606,8,6.1,6.8,5.8,6.2,6.1,7.1,24,392,3,7.3,
19,Thai Nguyen,2015,1238.8,0.4,98.4,25.2,51.3,40.2,49740,6666,27475,15599,2149,1421,86845.4,,68085.4,0.216,200,5497,9534,77533,136366,8.8,8.8,8.8,8.8,8.7,8.7,8.7,100,7116.5,26,226.1,
19,Thai Nguyen,2016,1243.8,0.4,98.3,25.7,60.7,46.5,57873,7077,33941,16854,2480,1696592,39596,,23393,0.4,132,5731,12169,118158,122582,8.6,5.8,6.6,5.8,5.3,4.9,5.8,122,7260.4,23,206,
19,Thai Nguyen,2017,1255.1,0.4,97.6,26,68.1,52,65249,7231,39886,18132,2735,2718135,43927,,26292,0.4,16,6435,10303,144221,1159378,7.3,6.5,6.2,5.7,6.1,6,6.4,130,7331.4,14,106.6,
19,Thai Nguyen,2018,1273.6,0.4,98.3,26.2,77.7,56.6,72064,7531,45159,19374,2983,3163780,32503,,15242,0.5,387,6395,10585,132376,1482572,6.9,6.4,6.4,5.9,6.3,5.8,6.4,142,7736.2,14,445.5,
19,Thai Nguyen,2019,1290.9,0.4,98.2,27.2,83.5,60.8,78549,7793,50100,20656,2782,2668769,28209,,10191,0.6,368,,,173540,1205095,7.4,6.1,6.6,6.3,6.6,6.1,7.1,158,8279.6,20,616,
20,Lang Son,2015,757.8,0.1,96.6,14.6,32.3,22.9,17359,3929,2851,8275,2304,6461,,,,,0,20888,9249,27700,630000,8.1,8.1,8.1,8.1,8.1,8,8,36,207,0,0,
20,Lang Son,2016,763.4,0.1,96.6,15.1,31.9,20.6,15691,3929,3030,7914,817,4423000,6624,,30,1,8,28399,10014,21550,746000,8.9,5.2,5.3,5.1,4.8,5.9,4,40,224.4,2,9.6,
20,Lang Son,2017,768.7,0.1,96.8,15.5,34.3,21.6,16627,4053,3340,8383,851,4867000,7903,,67,1,2,29073,9339,62504,795000,6.9,5.6,6,4.5,4.5,6.7,5.4,40,226.3,1,3.4,
20,Lang Son,2018,775.9,0.1,96.3,16.7,38.3,23.1,17915,4115,4087,8840,873,2803000,9036,,56,1,12,42448,8940,70622,785000,7.4,6,5.8,5.6,5.5,6.4,6.1,41,237.2,1,13.9,
20,Lang Son,2019,782.8,0.1,95.4,16.5,41.4,24.2,18936,3997,4692,9289,958,3704000,9834,,52,1,-,,,70822,819000,7.8,6.7,6.2,5.8,6.3,5.6,7.4,42,238.2,0,1.4,
24,Bac Giang,2015,1667,0.4,97.6,17.6,36.2,25.7,42760,10332,20098,11231,1098,792200,21641,,3182,0.9,239,4026,5580,88063,1527227,8,8,8,7.9,7.9,7.9,7.8,229,2459,57,447.5,
24,Bac Giang,2016,1696.9,0.4,97.9,17.7,39.4,27.9,47368,10541,23496,12062,1268,839600,22522,,5267,0.8,922,5103,5175,106083,1466605,8.5,5.6,7.1,5.2,4.7,5.3,4.8,290,3494.8,54,1028.5,
24,Bac Giang,2017,1736.8,0.4,98,17.8,43.8,30.9,53642,10381,28806,13004,1450,992800,27785,,8664,0.7,766,6230,6683,154894,1420946,7.8,6.5,5.7,5.5,6.1,6.1,6.1,357,4483.5,70,856.4,
24,Bac Giang,2018,1777.5,0.5,98.3,17.8,51.6,34.9,62100,11031,35627,13878,1562,909700,31458,,8590,0.7,184,6576,8691,201856,1423108,7.3,6.7,7,6.2,5.6,6.4,5.9,425,4840.3,68,544.7,
24,Bac Giang,2019,1810.4,0.5,98.7,18,60.2,39.9,72151,10559,45048,14836,1707,1187700,37485,,10951,0.7,831,6387,8257,228236,1520198,6.8,6.8,6.5,6.1,7,5.4,6.4,505,5977.2,80,1163.3,
25,Phu Tho,2015,1392.3,0.4,97.2,21,31.5,20.9,29113,6553,9038,11418,2103,150344,,,,,800,2662,2150,69104,,8.5,8.5,8.4,8.4,8.4,8.3,8.3,101,632.8,13,95,
25,Phu Tho,2016,1409,0.4,97.6,21,34.6,22.4,31547,6978,9957,12253,2358,247703,12821,,1065,0.9,907,5196,5231,94242,,8.7,4.5,5.6,5.2,4.7,6,5.4,120,865.7,13,205.3,
25,Phu Tho,2017,1430.5,0.4,98,21.8,37.1,23.7,33910,7237,11001,13151,2520,287606,16967,,2781,0.8,1084,5303,5721,127449,,8,6.2,6.1,5.2,5.4,6.6,6.3,136,1084.8,15,230.5,
25,Phu Tho,2018,1449.6,0.4,98.1,22.7,40.8,25.5,37005,7614,12567,14069,2754,331970,18765,,3229,0.8,1192,5627,6315,163400,,7.3,6.7,6.5,6,5.2,7.1,6.4,154,1271,13,165.3,
25,Phu Tho,2019,1466.4,0.4,98.5,24.5,44.4,27.1,39801,7875,14072,15048,2805,306618,20957,,3856,0.8,1334,6857,6748,205385,,7.2,7.1,6.4,5.8,6.9,6,7.6,182,1596.9,33,348.4,
14,Son La,2015,1177.4,0.1,77.6,12.5,30.9,20,23564,6184,6915,8684,1780,261150,12264,,412,1,.,4599,2165,51780,,8.3,8.3,8.3,8.3,8.3,8.2,8.2,9,134.1,0,0,
14,Son La,2016,1194.9,0.1,77.1,12.3,33.4,21.1,25252,6397,7712,9210,1933,31,,,,,148,4659,7524,57188,,8.5,5.4,7,4.9,4.7,5.6,4.9,9,134.1,0,0,
14,Son La,2017,1213.5,0.1,76.6,12.8,37.2,22.8,27609,6648,9189,9808,1963,45350,14839,,6,1,.,4931,5546,71245,,7.4,5.3,5.9,5.4,4.8,6.4,5.9,11,148.2,2,15.1,
14,Son La,2018,1233.1,0.1,77.5,12.5,40.4,23.7,29231,7092,9641,10401,2097,58630,16272,,24,1,.,4765,7351,78992,,8,6.1,5.9,5.2,5.2,6.4,6.5,10,135.7,0,2.1,
14,Son La,2019,1252.6,0.1,78.9,11,40.4,23.1,28940,7270,8668,10979,2023,45630,17029,,1,1,.,,,89519,,7.7,6.4,5.8,6.1,6.8,6,7.2,10,135.7,0,0.4,
11,Dien Bien,2015,557.2,0.1,75.1,21.2,24.3,16.5,9200,1939,1824,5004,434,32058,5405,,,1,,4465,4475,15862,,8.7,8.7,8.7,8.7,8.7,8.7,8.7,0,0,0,0,
11,Dien Bien,2016,568.3,0.1,74.8,22.4,26,17.2,9778,1954,1945,5439,441,26829,5491,,,1,,4520,4507,17207,,8.7,5.7,6.6,4.2,4.1,5.6,4.5,0,0,0,0,
11,Dien Bien,2017,579.4,0.1,76.1,23.7,28.3,18,10450,2029,2139,5820,462,16070,5978,,51,1,,4224,4316,30226,,7.7,5.7,6.2,4.5,4.7,6.9,6,1,3,0,0,
11,Dien Bien,2018,590.5,0.1,77.4,25,30.7,18.7,11030,2030,2316,6195,489,17624,6904,,,1,,4302,4332,37639,,7.6,6.2,5.6,5.2,4.7,6.9,6.1,1,3,0,0,
11,Dien Bien,2019,601.7,0.1,73.1,26.3,32.4,19.2,11555,2092,2404,6546,513,36589,7582,,,1,,4790,4823,39963,,7.3,6.2,6.5,4.7,5.6,6.5,7.1,1,3,0,1.2,
12,Lai Chau,2015,427.9,0.047,59.2,11.5,24.5,16.8,7169,1377,1754,3594,442,19750,3739,2209,0,1,1,,,14200,,8.5,8.5,8.5,8.5,8.5,8.5,8.4,3,4,0,0,
12,Lai Chau,2016,436.3,0.048,60.2,11.8,32.5,21.9,9535,1446,3631,3796,659,19210,3270,1745,0,1,1,5939,8831,16200,,8.8,5.2,6.6,4.5,4.8,4.6,5.8,3,4,0,0,
12,Lai Chau,2017,444.5,0.049,60.1,14.4,38.2,24.6,10924,1531,4653,4026,712,7920,4313,2039,,1,1,5643,5068,21223,,8,5.8,5.7,4.1,5.2,6.3,6.8,3,4,0,0,
12,Lai Chau,2018,453.4,0.1,63.3,14,40.5,25.7,11657,1638,4998,4228,791,37200,4700,2357,,1,1,5231,6286,25336,,8,6.3,5.7,4.7,6.2,5.6,6.9,1,1.5,0,0,
12,Lai Chau,2019,462.6,0.1,64.4,13.5,41.8,25.2,11673,1734,4704,4430,804,37870,4979,1828,,1,1,5436,6432,29534,,7.7,6.3,5.7,4.8,6.8,5.1,7,1,1.5,0,0.1,
17,Hoa Binh,2015,828.6,0.2,96.8,16.6,40.1,26.2,21670,5257,8870,6533,1009,NA,6647,,347,0.9,3,5660,,35104,,8.6,8.5,8.5,8.5,8.5,8.5,8.5,44,510.6,5,3,
17,Hoa Binh,2016,837,0.2,96.6,17.5,44.2,28.3,23704,5535,9801,7185,1182,73550,7085,,274,1,3,5730,,42008,,8.7,5.6,5.7,5,4.4,5.9,5.1,46,519.5,1,9.2,
17,Hoa Binh,2017,844.9,0.2,96.8,17,48.8,30.6,25846,5606,11199,7654,1385,101550,6741,,296,1,35,6010,,50974,,7.6,5.6,5.1,4.1,5.2,5.9,5.6,50,561.2,4,38.7,
17,Hoa Binh,2018,850.4,0.2,97,17.2,54.4,33,28061,5870,12706,8069,1414,131290,9256,,1122,0.9,204,6440,,49686,,7.2,5.8,6.1,5.4,5.4,6.4,6.2,49,717.6,2,215.2,
17,Hoa Binh,2019,855.8,0.2,96.3,17.6,59.6,35,29956,6152,13731,8597,1474,247820,11412,,852,0.9,30,6960,,64787,,6.6,6.5,6.3,6.2,6.1,6,6.3,50,710.7,3,-0.1,
38,Thanh Hoa,2015,3537,0.3,95.9,20.7,30.6,21,74119,13307,31669,25570,3573,1432224,85259,,44631,0.5,44,3983,4494,102958,,8.4,8.4,8.4,8.3,8.3,8.3,8.3,71,10409.1,7,44,
38,Thanh Hoa,2016,3570.8,0.3,96,21.4,33.9,22.6,80825,13634,35380,28196,3615,1020460,91264,,37714,0.6,156,4303,5018,138432,,8.1,5.5,5.4,4.7,4.7,6.2,5.4,87,10643.1,15,235.7,
38,Thanh Hoa,2017,3603.7,0.3,96.1,22.5,37.6,24.5,88163,13932,39561,31448,3223,1848740,78003,,17827,0.8,3059,4677,4814,199277,,8.3,7,6.2,4.6,5.6,6.7,5.7,102,13819,15,3171.7,
38,Thanh Hoa,2018,3631.3,0.3,96.2,23.2,45.3,28,101528,14306,46331,33698,7193,6663807,72033,,12056,0.8,103,4812,5397,254692,,6.9,6.2,6.3,5,5.9,7.4,6.1,117,13855.7,16,364.7,
38,Thanh Hoa,2019,3645.7,0.3,97.3,24.2,53.7,32.6,118944,14580,56466,36297,11600,9564411,82823,,14546,0.8,345,,,285785,,7.7,6.2,6.4,6.2,5.9,6.9,5.8,143,14191.2,26,350.4,
40,Nghe An,2015,3160.6,0.2,96.9,17.3,28.1,19.1,60310,14733,15106,27529,2942,1007127,28980,,445,1,44,4551,4124,103600,,8.6,8.6,8.6,8.6,8.6,8.6,8.5,69,1640.6,15,206.3,
40,Nghe An,2016,3203.1,0.2,96.6,17.3,30.3,20.1,64503,15335,16795,29080,3293,1118537,37260,,675,1,65,5074,4755,150600,,8.9,5.4,6.3,4.4,5,5.7,5.3,75,1670,9,74.5,
40,Nghe An,2017,3246.7,0.2,96.8,19.9,33.1,21.4,69587,15969,18955,31146,3517,1536890,40180,,705,1,165,5469,4626,253560,,7.9,6.2,6.7,4.7,5.1,7.5,5.1,79,1820.9,4,123.5,
40,Nghe An,2018,3291.4,0.2,97.3,20.2,36.5,23,75660,16732,22015,33104,3808,1570672,43685,,565,1,71,5796,5179,262046,,7.6,7.1,6.2,4.7,5.6,7.5,5.9,84,1845.6,5,25.7,
40,Nghe An,2019,3337.2,0.2,97.4,20.7,40.3,24.5,81863,17579,24698,35388,4197,1699602,47749,,738,1,318,,,271359,,7.8,6.6,6.7,5.9,5.8,6.6,6.6,95,2158.2,11,315.1,
42,Ha Tinh,2015,1232.7,0.2,97.4,19.3,44.1,31.2,38453,6072,13721,13606,5051,5039270,65336,,51800,0.2,121,5223,11337,52960,,8.6,8.6,8.6,8.6,8.6,8.5,8.5,64,11265,10,162.2,
42,Ha Tinh,2016,1261.3,0.2,97.6,19.3,NA,#VALUE!,NA,NA,NA,NA,NA,NA,,,,,245,4909,12819,91609,,`,5,5.7,4.4,5.3,5.9,4.2,64,11593,9,393.8,
42,Ha Tinh,2017,1274.2,0.2,97.9,21.5,44.8,28.3,36097,6083,12025,14407,3580,2911030,23760,,10474,0.6,15,5162,11994,101439,,7.6,6,5.7,4.8,5.7,6.9,5.8,62,11613.2,7,118,
42,Ha Tinh,2018,1280.5,0.2,97.9,22.7,54.7,34.1,43621,6383,17829,15234,4174,5983060,23597,,11081,0.5,97,4950,13522,129548,,8.3,6.4,6.5,5.4,4.6,7,6,70,11714.6,8,132.8,
42,Ha Tinh,2019,1290.3,0.2,98.5,25,60.3,37,47740,6282,21101,16057,4299,6243170,17660,,3644,0.8,13,,,,,8.1,6.1,6.8,5.7,6.7,6.3,6.1,77,11729,7,32.6,
44,Quang Binh,2015,875.6,0.1,97.1,20,31,20.9,18280,3921,4039,9620,700,190000,10096,,,1,1,4886,5625,73593,,8.6,8.6,8.5,8.5,8.5,8.5,8.5,12,109.1,2,16.6,
44,Quang Binh,2016,880.6,0.1,97,20.2,33,21.9,19299,3960,4464,10135,739,128000,11542,,189,1,24,4866,8883,65879,,8.7,5.6,6.3,4.7,5,5.2,6.2,17,381,3,-7.4,
44,Quang Binh,2017,885.7,0.1,97.5,23.6,35.7,23.3,20657,4231,4846,10809,769,130000,12282,,64,1,60,5044,12374,73822,,8.2,6.1,6.2,5.2,5.7,6.5,5.6,19,537.8,3,120.9,
44,Quang Binh,2018,891.1,0.1,97.5,27,39.7,24.9,22172,4417,5397,11554,802,201000,13002,,205,1,17,5324,12215,95822,,7.7,6.1,6.3,4.5,5.3,6.1,5.7,21,766.8,2,31.7,
44,Quang Binh,2019,896.6,0.1,97.7,24.9,43.7,26.5,23799,4585,5989,12374,849,214000,14213,,222,1,,,,103586,,8,6.5,6.9,6.2,6.4,5.9,6.3,20,766.6,0,0.8,
45,Quang Tri,2015,617.9,0.1,92.2,22,34.9,23.5,14541,3594,3033,7225,690,774075,7339,,77,1,4,2430,3201,38390,,8.7,8.6,8.6,8.6,8.6,8.6,8.6,21,85.6,1,0.9,
45,Quang Tri,2016,621.6,0.1,92.7,22.6,37.5,24.9,15471,3630,3323,7818,699,304832,7935,,73,1,9,4336,6296,47456,,9,6.3,6.7,4.8,5,4.5,5.8,17,77.5,1,4,
45,Quang Tri,2017,625.4,0.1,93.2,23.7,41,26.5,16562,3757,3678,8362,766,270115,8471,,104,1,.,4915,7245,63061,,8,6.1,6.3,4.2,5.1,5.8,5.4,16,60.5,0,4,
45,Quang Tri,2018,629.7,0.1,93.3,25.6,45.5,28.2,17762,3952,4040,8963,806,303766,9315,,144,1,.,5358,5553,72979,,7.5,7,6.8,5.6,6.1,5.7,6.2,17,63.6,0,0.7,
45,Quang Tri,2019,633.4,0.1,93.4,25.9,50,30.3,19167,4154,4601,9532,880,473837,11056,,190,1,2404,5428,6675,82310,,7.2,7.4,6.7,6.4,5.8,4.9,6.1,19,85,1,20,
46,Thua Thien Hue,2015,1114.7,0.2,92.6,23.9,31.2,21.3,23735,3651,6628,11532,1923,308400,12060,,897,0.9,452,4371,4429,89912,,8.7,8.7,8.7,8.6,8.6,8.6,8.6,86,2591.2,8,140.5,
46,Thua Thien Hue,2016,1118,0.2,93.2,24.1,34.1,22.7,25380,3525,7372,12284,2198,407800,13101,,1055,0.9,75,4685,4047,92722,,8.6,6.1,6.3,5.5,3.9,6,5.3,95,2377.4,10,78.5,
46,Thua Thien Hue,2017,1123.4,0.2,93.3,24.3,38.4,24.4,27390,3659,8332,13073,2325,410300,13798,,649,1,49,5427,4900,98351,,7.9,6.5,6.4,5.7,5.8,5.7,6,99,2382.3,5,6.7,
46,Thua Thien Hue,2018,1125.5,0.2,92.2,24.2,42.5,26,29230,3805,8983,13999,2442,548500,13979,,648,1,1163,5538,5344,110831,,8.5,7.1,5.9,5.9,5.3,5.9,6.9,102,3535.9,8,1263.9,
46,Thua Thien Hue,2019,1129.5,0.2,94,24.7,46.8,27.8,31354,3648,9989,15066,2649,480400,15302,,815,0.9,312,,,147873,,7.1,6.7,6.6,6.4,6.6,6,7,116,3856.2,14,324.5,
48,Da Nang,2015,1056.3,0.8,97.5,41.73,69.9,48.9,51614,1064,12304,32520,5726,2414000,25391,,1902,0.9,95,4430,5326,148892,,9.2,9.2,9,8.9,8.8,8.8,8.8,373,4023.5,59,44.3,
48,Da Nang,2016,1080.3,0.8,98,41.14,74.5,51.9,56032,1096,13046,35663,6227,3615000,26452,,1735,0.9,77,5676,5800,220703,,9.2,6.3,7.7,6.5,7.1,6,6.5,450,43398.8,76,107.8,
48,Da Nang,2017,1097.8,0.9,98,40.93,82,54.6,59989,1153,14064,37831,6941,2465000,27563,,2488,0.9,155,5942,6551,201573,,8.6,7.1,7.8,6.3,6.7,6.9,6.7,526,4675.3,68,143.9,
48,Da Nang,2018,1114.4,0.9,97.9,42.5,91,58.2,64889,1179,14825,41421,7464,3113000,27102,,2922,0.9,286,6569,7504,243576,,7.9,7.2,7.3,6.5,6,6.3,6.7,639,3535.9,106,318.4,
48,Da Nang,2019,1141.1,0.9,98.7,44.58,97.1,60.5,69056,1212,15476,44499,7869,3361000,27171,,3967,0.9,438,6816,8761,245059,,7.9,7.4,7.1,6.8,6.8,6.8,7,775,5534.9,132,515.2,
49,Quang Nam,2015,1468.2,0.1,94.8,15.8,41.5,32.1,47121,5980,18367,14325,8449,4912000,15890,,1036,0.9,212,4141,5412,67400,,8.5,8.5,8.5,8.5,8.4,8.4,8.4,136,5525.8,18,256.2,
49,Quang Nam,2016,1475.8,0.1,95.3,17.3,52,40.6,59950,6205,24188,18455,11102,6030000,16507,,3391,0.8,137,5483,4212,102600,,8.8,6,7.2,5.5,5.6,5.7,6.3,151,5763.8,18,152.6,
49,Quang Nam,2017,1483.3,0.1,95.7,19.6,56.3,42.5,63003,6420,24854,19832,11897,5279000,17534,,3792,0.8,94,5134,4911,157100,,8.2,6.7,6.7,5.5,6.6,6.4,7,170,5816.3,21,140.1,
49,Quang Nam,2018,1490.8,0.1,95,21.4,61.5,45.7,68138,6694,28147,21073,12224,4370000,19827,,3873,0.8,326,5901,5171,159900,,7.6,6.7,6.8,6.4,6.2,7,6.5,190,6037.2,30,479.8,
49,Quang Nam,2019,1497.5,0.1,96.2,22.4,66.3,47.2,70734,6804,29165,22138,12627,3309000,22811,,5451,0.8,157,6540,5644,232500,,7.2,7.5,7.2,6.5,7.3,6.8,7.7,218,6126.5,26,184.2,
51,Quang Ngai,2015,1241.6,0.2,96.7,35.2,91.7,43.2,53582,5524,38003,24096,10055,14514317,38868,,8632,0.8,366,4088,7728,152900,,7.8,7.8,7.6,7.6,"Ti?p c?n 
??t ?ai",7.8,7.1,47,4274.5,6,24.1,
51,Quang Ngai,2016,1261.2,0.2,96.8,35.3,100.9,46.3,58348,5779,41784,27232,10785,12753347,42623,,8891,0.8,559,3648,7682,69400,,8.3,5.4,6.5,4.8,4,5.3,5.7,40,1097.5,9,22,
51,Quang Ngai,2017,1285.2,0.2,97.2,37.2,111.3,49.6,63781,6032,44971,30465,12777,10946129,46697,,2458,0.9,101,5588,7154,56606,,7.7,6.3,6.2,5.6,5.3,6.7,6.4,46,1449.6,7,374.6,
51,Quang Ngai,2018,1303.9,0.2,96.8,39.8,127.5,54.2,70679,6317,49986,34405,14376,7799287,50880,,3666,0.9,386,6399,7497,45930,,6.8,6.6,7.2,6,5.3,6.2,5.8,60,1755.9,15,375.4,
51,Quang Ngai,2019,1324.8,0.2,99,43,143.2,59.6,78974,6345,57133,38517,15496,9345369,56108,,4173,0.9,171,6416,7957,38227,,8.2,6.7,6.6,5.9,5.9,6.2,6.5,61,1844.7,4,136.6,
52,Binh Dinh,2015,1487.6,0.2,96.1,15.5,37.6,24.7,36754,11222,9186,14784,1562,906000,17157,,602,1,62,3894,6620,76792,,9,8.9,8.8,8.8,8.8,8.8,8.7,59,1761.8,7,58.4,
52,Binh Dinh,2016,1487.7,0.2,96.7,16.7,41.1,26.3,39190,11734,10048,15774,1635,444500,19753,,570,1,84,4801,7431,92796,,8.7,6,6.6,5.4,5.5,5.2,6.2,66,541.7,11,90,
52,Binh Dinh,2017,1487.7,0.2,97,16.9,45,28.1,41823,12125,11087,16847,1764,532200,21462,,328,1,117,4766,7871,124088,,7.8,6.8,6.5,6.5,6.3,5.8,6.3,73,671.8,9,149.6,
52,Binh Dinh,2018,1487.8,0.2,96.3,17.4,50.2,30.2,44878,12857,12053,17999,1969,613300,23609,,636,1,135,5213,7032,157455,,6.9,7.1,7.4,5.7,5.5,6.2,6.7,81,806.3,9,157.2,
52,Binh Dinh,2019,1487.8,0.2,97.2,19.2,55.4,32.2,47957,13311,13141,19339,2166,687100,27171,,852,1,80,5334,7724,184241,,8,7.2,6.6,7.1,6.8,5.6,6.8,87,802.5,7,96.6,
54,Phu Yen,2015,866.2,0.2,92.9,16.6,33.1,22.3,19282,5384,4721,8129,1046,73545,6971,,694,0.9,41,3751,5822,49429,,8.7,8.7,8.7,8.7,8.7,8.7,8.7,52,4764.9,4,40,
54,Phu Yen,2016,868.1,0.2,93.7,16.9,36.2,23.9,20736,5670,5152,8846,1066,36097,7855,,176,1,59,4405,6058,64114,,9,5.4,6.9,5.9,4.2,5,4.1,41,4967.1,2,562.4,
54,Phu Yen,2017,870,0.2,93.8,18,40.1,25.5,22196,5812,5709,9553,1121,49304,9302,,240,1,2,4610,4386,85151,,8.1,5.7,6.3,5.3,4.8,6.6,5.2,44,4969,3,2.6,
54,Phu Yen,2018,871.5,0.2,93.2,14.7,44,27.3,23749,6146,6235,10157,1209,56526,10085,,199,1,7,5357,4164,105229,,8.5,6.4,7.4,5.5,5.2,6.2,6.2,47,1773.2,5,15.6,
54,Phu Yen,2019,873.2,0.2,94.7,16.2,49.3,29.6,25881,6347,7413,10770,1351,578823,13066,,492,1,.,5196,5907,119866,,8.6,6.3,6.9,6.2,5.5,6.7,5.3,47,1989.4,1,216.6,
56,Khanh Hoa,2015,1198.4,0.2,94.8,24.6,47.4,32.5,38902,5024,10095,19274,4509,3499133,,,,,1124,4849,6033,112546,,8,8,7.9,7.9,7.9,7.8,7.8,95,2349.4,6,55.7,
56,Khanh Hoa,2016,1207.2,0.2,95.1,25.2,51.8,34.8,42000,5163,10952,21251,4634,5837102,24047,,550,1,1192,4935,6286,135821,,8.3,4.9,6.6,4.8,4.3,5.9,5.5,94,966.1,8,69.6,
56,Khanh Hoa,2017,1216.3,0.2,95.1,18.7,57.9,37.3,45322,5269,11917,23320,4815,6440572,26786,,520,1,1168,5744,7311,148403,,8.1,6.5,6.2,5.6,5.2,6.9,5.5,99,4175.1,4,2626.4,
56,Khanh Hoa,2018,1224.5,0.2,95.1,18.7,63.9,39.8,48738,5233,12972,25334,5199,6804299,28908,,667,1,3821,6779,7816,181349,,7.4,5.8,7,6.2,5.8,7.1,6,107,4243,7,95.3,
56,Khanh Hoa,2019,1232.8,0.2,96.2,22.8,69.9,42.4,52297,5312,14341,27209,5435,3365486,31122,,678,1,3760,,,241326,,6.2,7.1,7.1,6.5,5.9,6.4,6,113,4298.5,8,202.3,
58,Ninh Thuan,2015,578.3,0.2,87.1,15.6,32.3,21.6,12472,4409,2216,4835,1010,169150,4921,,58,1,1,4333,12210,65018,,8.6,8.6,8.6,8.6,8.5,8.5,8.5,34,949.6,1,0.6,
58,Ninh Thuan,2016,581.5,0.2,87.5,15.8,34.7,22.8,13256,4556,2384,5259,1056,10730,4902,,36,1,68,4709,12447,69912,,8.6,6.1,6.9,5,5,4.9,5.6,37,1036.8,3,88.3,
58,Ninh Thuan,2017,585.4,0.2,87.6,15.1,39.3,24.9,14577,5307,2525,5682,1061,24550,4712,,143,1,274,4911,17814,74772,,7.8,6.2,7.1,5.2,5.9,6,6,40,1302.5,3,2626.4,
58,Ninh Thuan,2018,588.9,0.2,86.8,19.1,43.7,26.6,15657,5565,2900,6063,1128,496890,9725,,1368,0.9,316,5240,12729,80400,,6.4,6.8,7.2,6.1,5.4,6.3,6,49,1693.1,9,404.7,
58,Ninh Thuan,2019,591,0.2,87.9,18.9,51.1,30,17731,5899,4056,6478,1297,1369960,16732,,2770,0.8,77,5782,10973,82009,,7.6,6.6,7.5,6.4,6.6,6.3,6.2,52,1710.8,4,133.7,
60,Binh Thuan,2015,1205.447,0.151,93.3,13.4,39.1,26.327,31736,11454,6381,11877,2022,451511,13146,,109,1,80,4014,4821,64000,,8.2,8.2,8.2,8.2,8.1,8.1,8.1,117,3527.9,2,90.8,
60,Binh Thuan,2016,1213.562,0.1528,93.7,13.4,43.2,28.168,34184,11508,7421,12809,2445,1954533,13720,,618,1,3,4560,3712,66100,,8.8,5.8,6.4,5.4,4.2,5.7,5,130,3541.3,10,12.5,
60,Binh Thuan,2017,1220.467,0.1536,94,15.6,47.9,29.988,36599,12194,8002,13822,2580,1663205,14644,,882,0.9,13,5151,5794,67100,,8.2,6.6,6.2,5.6,5.3,7,4.8,136,3566.8,6,30.4,
60,Binh Thuan,2018,1227.269,0.1545,94.1,16,53.4,32.369,39725,12519,9716,14741,2749,1299504,16594,,1726,0.9,1,5903,5853,82000,,8.2,6.6,7.7,7.2,5.7,6.4,5.9,138,3571.7,1,20.1,
60,Binh Thuan,2019,1232.267,0.155,94.6,16.3,61.6,35.605,43875,12865,12245,15763,3001,1929155,22437,,2368,0.9,157,,,127170,,7.3,6.7,6.7,6.9,6.5,6.5,5.9,147,3730.3,9,180.9,
66,Dak Lak,2015,1820.1,0.1,92.6,13.3,33.5,20.5,37266,14684,4718,16251,1613,60117,9995258,,141878,1,18,2854,4931,114934,,8.4,8.3,8.3,8.3,8.3,8.3,8.3,13,260,3,30.8,
66,Dak Lak,2016,1836.4,0.1,93.2,13.9,35.4,21.5,39525,15049,5218,17503,1755,38993,12529972,,172204,1,0,4839,7658,148832,,8.7,6,6.1,4.4,5,5.9,5.3,13,135.5,1,0.2,
66,Dak Lak,2017,1850.3,0.1,92,14.1,38.2,22.9,42340,15925,5983,18655,1777,43924,14239406,,176494,1,4,4840,6135,175838,,7,6.9,6,4.9,5.4,6.8,5.8,15,194,2,60.2,
66,Dak Lak,2018,1861.5,0.1,90.4,14.4,39.1,24.2,45077,16748,6322,19911,2096,204840,15808665,,148695,1,2,5017,9244,201774,,6.7,6.6,6.9,6.3,5.3,6.3,6.2,16,153.5,2,29.5,
66,Dak Lak,2019,1872.6,0.1,92.6,14.4,41.6,25.5,47733,17397,6758,21282,2296,142696,17704265,,155500,1,0,5101,9398,235425,,6.9,6.4,6.5,5.3,5.6,6.9,5.7,16,153.5,0,2.6,
64,Gia Lai,2015,1426.4,0.1,84,10.9,34.3,23.7,33739,11651,9139,11857,1093,94038,10618,2328,,,,5876,6987,,1407187,8.6,8.6,8.6,8.6,8.6,8.6,8.6,5,9.7,0,0,
64,Gia Lai,2016,1447.1,0.1,83.9,11,37.4,25.1,36263,12280,9918,12853,1211,137700,11765,2415,,,,5245,6953,,1386195,8.5,5.9,6,4.1,4.4,5.5,4.9,5,12.2,0,-2.9,
64,Gia Lai,2017,1468.9,0.1,84.8,11,40.7,26.6,39095,13080,10706,13977,1332,186643,13528,2051,,,,6531,7414,,1310699,7.8,6.3,5.6,4.5,5.2,6.3,5.1,5,12.2,0,0,
64,Gia Lai,2018,1495.6,0.1,85.4,11.3,44.2,28.2,42225,13830,11744,15186,1465,71465,16011,3329,,,,6209,8112,,1299549,7.5,6.8,5.5,4.7,4.9,7,4.1,5,12.2,0,0,
64,Gia Lai,2019,1520.2,0.1,85.9,12.4,48.4,30,45669,14570,12973,16520,1605,30826,17650,2385,,,,,,,1356164,7.6,7.5,6.4,6,5.8,5.7,5.8,6,12.2,0,0,
62,Kon Tum,2015,495.9,0.1,89.2,45.4,30.5,21.2,10498,2407,2194,4945,952,9068,6306,,1,1,NA,4933,7917, -,302151,8.2,8.1,8.1,8.1,8.1,8.1,8,2,70.2,0,0,
62,Kon Tum,2016,507.8,0.1,89.4,47.2,32.2,22.1,11219,2505,2391,5296,1027,3370,6286,,23,1,3,4948,4800,33051,391403,7.9,5.9,6.3,4.8,4.2,6,5.7,8,82,6,13.9,
62,Kon Tum,2017,520,0.1,89.5,47.9,35.5,23.3,12101,2650,2692,5676,1083,10772,7211,,14,1,0,5010,2279,41254,390377,7.1,6.9,5.2,4.9,4.9,7.2,5.7,8,82.3,1,1.1,
62,Kon Tum,2018,532.4,0.1,89.6,48.1,37.8,24.6,13105,2820,3059,6049,1177,9790,8451,,17,1,2,5628,5690,47199,391583,7.5,7.1,6.5,6.2,6,6.9,6.4,8,88.3,1,11,
62,Kon Tum,2019,543.5,0.1,90,48.3,41.2,26.2,14266,2983,3643,6443,1196,7891,9665,,16,1,1,,,54085,390229,7,7,6.5,5.6,5.6,7.4,6.1,9,93.9,1,5.7,
67,Dak Nong,2015,580.5,0.1,93.9,10.3,40.7,24.7,14314,6032,2027,5652,603,45868,6583,,33,1,60,4166,9059,,35290,8.2,8.2,8.2,8.2,8.2,8.2,8.2,6,19.6,0,0,
67,Dak Nong,2016,594.4,0.1,93.4,10.5,41.3,25.2,14960,6187,2124,6027,622,20909,6317,,35,1,185,5269,4065,50053,55870,8.4,5.2,7,5.4,3.9,4.8,4.5,11,74.2,0,-0.9,
67,Dak Nong,2017,604.9,0.1,94.2,12.1,44.2,26.7,16142,6501,2614,6371,655,128472,6477,,55,1,163,6057,2512,66706,80113,7.1,6.3,6.2,4.1,4.7,6.2,4.3,11,95.6,1,23.6,
67,Dak Nong,2018,615.4,0.1,92.9,13.7,44,27.9,17182,6812,2752,6853,766,172729,6630,,45,1,212,6228,2618,68741,430739,6.5,7,6.6,4.9,5.8,6.2,5.2,12,144.4,1,48.8,
67,Dak Nong,2019,625.8,0.1,93.3,14,46,29.2,18276,7215,2903,7306,852,161437,6552,,49,1,8,6365,2692,77005,478720,6.8,7.6,6.7,5.8,5.5,5.6,5.8,13,152.1,1,7.8,
68,Lam Dong,2015,1261.4,0.13,93.8,15.3,45.6,31.3,39542,16993,6993,14063,1493,499278,12163,,423,1,7606,3030,2250,134555,,8.3,8.3,8.2,8.2,8.2,8.2,8.2,105,481.9,5,10.1,
68,Lam Dong,2016,1271.3,0.131,93.9,16.1,49.3,33.6,42679,17875,7487,15627,1689,339635,18698,,523,1,100,5200,7200,179471,,8.2,5.4,6.7,5.4,5,5.1,5.7,102,458.6,1,51.7,
68,Lam Dong,2017,1281.3,0.133,94.3,16.9,55.1,36,46162,18647,8134,17491,1890,459697,20320,,400,1,26870,5160,7200,217822,,7.5,6.2,6.6,5.2,5.7,6.6,6,108,525.9,1,72.9,
68,Lam Dong,2018,1291.4,0.134,94.8,17.6,59.5,38.8,50128,19617,8817,19633,2062,458718,21443,,463,1,5443,5630,7460,239871,,7,6.8,7.6,6.1,5.7,5.9,6.7,103,510.8,2,10.5,
68,Lam Dong,2019,1299.3,0.134824115,95.2,18.9,66.8,41.9,54376,20656,9897,21555,2268,381891,23505,,483,1,9100,5770,7690,248279,,7.1,7,7.3,7,6.2,6.1,6.9,103,520.6,3,26.8,
70,Binh Phuoc,2015,944.4,0.137,93.4,12.9,39.8,31.4,29686.5,11480.3,7147.1,11044.7,14.4,306,15705.8,,1079.5,0.931,,5150,5626,299700,,8.7,8.7,8.7,8.7,8.7,8.7,8.6,160,1213.1,24,260.3,
70,Binh Phuoc,2016,962.7,0.1,95.3,14.1,47.5,33.2,31924,10402,7805,12354,1363,443,13684,,1214,0.9,52,5957,6975,498775,,8.5,6,7,5.2,4.2,5,4,180,1436.4,20,123.4,
70,Binh Phuoc,2017,972.6,0.1,96,14.3,52.9,35,34025,10717,8619,13206,1483,578,14289,,1240,0.9,106,6260,6929,145215,,8,6.4,5.8,5,5.3,5.5,4,202,1960.8,24,510.8,
70,Binh Phuoc,2018,984.9,0.1,96.7,16.1,56.1,37.4,36840.14,11480,9822,13875,1663,704,15680,,1304,0.9,349,6579,7383,137020,,7.1,6.7,6.9,6.2,4.2,6.9,5.4,229,2388.7,29,487,
70,Binh Phuoc,2019,997.8,0.1,93.8,16.3,61.6,40.3,40198,12338,11470,14619,1770,867,16785,,2303,0.9,501,6915,8466,155751,,6.9,7.4,5.9,5.7,5.4,5.9,5.7,276,2812.1,47,465.9,
72,Tay Ninh,2015,1129.9,0.275,93.4,14.2,45.5,31.9,36033,11777,10395,12056,1805,1204648,14928,,3916,0.7,515,5424,5883,86640,,8.9,8.8,8.8,8.8,8.8,8.7,8.7,237,3146.3,17,540.6,
72,Tay Ninh,2016,1139.7,0.277,93.9,14.1,50,34.1,38878,12098,11989,12858,1933,929443,16224,,5177,0.7,274,5691,6310,67650,,8.7,6.3,7.2,6.1,5.5,5.5,5.5,256,4209.8,24,720.1,
72,Tay Ninh,2017,1151.1,0.279,94.9,14.1,56.7,36.4,41876,12411,13719,13651,2095,761426,17808,,5853,0.7,746,6729,7195,110979,,7.4,6.9,7.5,6.1,5.7,6.6,5.4,271,5052.1,26,1017.7,
72,Tay Ninh,2018,1160.7,0.28,94.3,14.8,62.4,38.9,45165,12445,15864,14581,2275,858643,20207,,7091,0.6,453,7218,7714,192637,,6.9,7.3,7.8,6.7,5.4,6.7,6.3,294,5799.8,30,837,
72,Tay Ninh,2019,1171.7,0.285,94.9,12.5,69.8,41.9,49138,12510,18580,15524,2523,1531015,23809,,8655,0.6,860,,,212496,,7.7,7.7,7.9,6.7,6.6,6.3,7,323,6990.4,35,1263.5,
74,Binh Duong,2015,2069.2,0.8,97.3,17,115.5,84.2,174219,7160,115670,35895,15494,10333731,62326,,30010,0.5,3254,6297,7281,145944,,8.1,8.1,8,8,8,7.9,7.9,2731,24026,212,3128.6,
74,Binh Duong,2016,2138.8,0.8,96.8,17.2,124.2,90.1,192614,7407,128353,40025,16829,11170464,68512,,34182,0.5,1745,6337,8178,188011,,8.3,6.5,7.2,6.2,5.7,5.6,5.8,3050,26599.7,260,2550.4,
74,Binh Duong,2017,2227.2,0.8,96.3,18.2,131.4,94.5,210472,7637,141959,42584,18292,13448200,75941,,37045,0.5,1594,7359,8647,248324,,7.7,6.8,7.5,5.4,6,6.7,6.4,3305,30339,196,2835.3,
74,Binh Duong,2018,2345.2,0.9,96.5,20.6,137.6,97.4,228375,7851,154952,45974,19598,15013000,85806,,40396,0.5,1397,7748,9165,276891,,7.8,7.1,6.8,5.8,6.9,6.6,5.8,3519,31758.5,226,2395.7,
74,Binh Duong,2019,2456.3,0.9,98,22.1,146.9,101.8,250080,7988,170997,49926,21168,16021000,99013,,45327,0.5,1594,,,407886,,6.8,7.7,6.9,6.1,6.6,6.6,6.1,3778,34341.6,253,3508.6,
75,Dong Nai,2015,2890,0.5,97.9,18.4,81.1,51.9,149851,17922,83173,35395,13358,8502000,40874,,17004,0.6,1778,6021,7321,300393,,7.9,5.3,6.6,4.6,4,5.8,5.4,1350,24025.9,104,1805.1,
75,Dong Nai,2016,2951.4,0.5,97,20.6,86.6,54.5,160958,18676,89423,38459,14399,13244000,,,,,1092,6700,8470,405891,,8.1,5.5,6.6,4.9,4.2,5,5.2,1368,25871.5,95,2562.3,
75,Dong Nai,2017,3004.9,0.5,97,22.4,93.9,57.5,172894,19180,96477,41672,15564,15207000,52942,,23522,0.6,1025,6959,9567,497229,,8.1,6.6,6.5,5,5.7,6.8,5.8,1472,27349.6,86,1797.1,
75,Dong Nai,2018,3055.9,0.5,96.5,22.7,103,61.5,187969,19911,106653,44636,16768,17219000,58722,,26039,0.6,1045,7511,11010,513854,,8.1,6.2,7,6.8,5.4,6.5,6.2,1560,28658.8,130,1481.1,
75,Dong Nai,2019,3113.7,0.5,97.9,23.1,113.6,65.9,205057,20408,119623,47749,17276,17186000,64634,,29304,0.5,1375,,,876006,,7.1,6.1,8,5.6,5.9,6.9,6.4,1662,31233.1,124,2178.8,
77,Ba Ria-Vung Tau,2015,1104.3,0.6,96.8,25,265,236.5,261145,7924,214412,27269,11538,18374000,32758,,17551,0.5,556,5807,11351,115000,585000,8.1,8.1,8.1,8,8,8,7.9,322,27766.4,14,759.7,
77,Ba Ria-Vung Tau,2016,1117.6,0.6,97.3,25.7,241.5,226.1,252743,8194,204123,27652,12771,16492000,32061,,16937,0.5,456,5876,13009,126700,720000,7.9,5.9,5.8,5.6,4.2,6,5.1,345,27089.3,18,724.7,
77,Ba Ria-Vung Tau,2017,1127.2,0.6,97.7,28.7,263.1,215.8,243229,8451,192778,29436,12563,17713000,32076,,16814,0.5,206,6514,13461,134600,759000,8.2,5.9,6.4,5,5.5,7.1,5.6,363,26838.1,25,504.4,
77,Ba Ria-Vung Tau,2018,1138.3,0.6,97.2,25.7,298.1,212.6,242018,8727,188698,31508,13084,18590000,30977,,15212,0.5,1977,7324,13461,150900,909000,7.6,6.4,7,6.4,5.5,6.6,6.4,414,29882.3,48,2299.9,
77,Ba Ria-Vung Tau,2019,1152.2,0.6,97.9,28,311.5,214.2,246807,8986,188911,33526,15382,19958000,35227,,16627,0.5,1075,7452,10026,151900,910000,5.9,7,7.3,6.5,6,6.9,6.3,466,31025.9,49,1085.4,
79,Ho Chi Minh city,2015,8307.9,4,98.3,34,110.6,87.4,726140,4462,183805,443394,944790,93903000,239718,,35913,0.9,2983,7283,9620,1564801,14638998,7.6,5.2,6.1,4.4,4.2,7,5,5886,42366.8,606,4100.2,
79,Ho Chi Minh city,2016,8479.1,4,98.7,34.7,118.6,91.9,779228,4695,198695,474746,101092,101061000,257940,,40099,0.8,1322,7493,11001,1887061,13405066,8,5.5,6.2,4.7,4.2,6.8,4.3,6762,45293.4,853,3896.9,
79,Ho Chi Minh city,2017,8649.6,4.1,98.5,36.6,128.9,97.2,840728,4974,215521,511505,108728,109042000,282514,,43316,0.8,2426,8990,12121,2087434,15023988,7.4,6.1,7.1,5,5.3,7.8,5.1,7333,43879.3,963,6745.4,
79,Ho Chi Minh city,2018,8843.3,4.2,98.1,36.7,138.6,102.5,906820,5242,233105,553059,115414,108019000,302262,,45135,0.9,812,9139,13404,2199011,16667023,7.3,5.4,7,5.5,5.5,7.6,5.1,8123,45194.3,1060,6237.6,
79,Ho Chi Minh city,2019,9038.6,4.3,99,37.3,148.1,108.2,977845,5471,247539,599728,125107,118731000,324848,,47827,0.9,1891,,,2357456,16716918,7.2,6.4,6.9,5.6,5.6,7.4,5.4,9202,47379.1,1365,8338.2,
80,Long An,2015,1626.2,0.4,95.2,11.7,45.2,32.1,52210,11915,20944,15810,3541,1526200,18371,,2817,0.8,694,5428,5626,95710,,8.8,8.7,8.7,8.7,8.7,8.7,8.7,760,5406,126,651.9,
80,Long An,2016,1645.2,0.4,95.9,12.4,50.2,34.8,57283,11982,24456,16820,4024,1825830,20191,,3272,0.8,251,6090,6683,133490,,8.1,6.3,7.2,6.4,5.7,6.1,6.5,873,6500.2,125,934.6,
80,Long An,2017,1662.3,0.4,96.6,14.6,57.3,37.8,62908,12091,28341,18009,4468,2035830,21483,,5654,0.7,242,6832,7036,157640,,8.7,7.3,7.6,6.8,7.1,6.5,7.2,962,6970.7,101,580.3,
80,Long An,2018,1678.9,0.4,95.8,16,65.7,41.4,69569,12545,32895,19293,4836,2403280,24811,,6025,0.8,432,7453,6426,195800,,7.1,7.8,7.7,7,6.4,7,6.5,1042,7396.4,92,707.7,
80,Long An,2019,1695.2,0.4,96.7,16.7,72.7,45,76232,12876,37634,20554,5169,3513920,27478,,6312,0.8,382,,,235450,,7.1,7.3,7.7,6.8,7.4,7.2,7.6,1170,7900.8,152,831.9,
82,Tien Giang,2015,1728.7,0.7,94.9,12.7,37.5,26,44948,19347,10414,13031,2156,578279,24400,,5275,0.8,69,4621,5733,77297,,8.2,8.2,8.2,8.2,8.2,8.2,8.1,78,1532.5,6,92.1,
82,Tien Giang,2016,1740.1,0.7,95.3,11.5,41.8,28,48747,20026,12169,14045,2508,332375,26919,,6530,0.8,389,5200,6787,110422,,8.9,5.6,6.6,5.3,4.1,5.5,5,99,2069.2,13,426.4,
82,Tien Giang,2017,1751.8,0.7,94.9,10.2,46.1,30,52492,20692,14034,14910,2856,303107,29139,,6693,0.8,69,4672,6477,162441,,7.5,6.3,7.2,5.3,5.6,6.6,4.8,104,2201.6,6,150.1,
82,Tien Giang,2018,1759.1,0.7,94.9,11.8,50.5,32,56206,21584,15609,15841,3173,360802,31893,,4980,0.8,105,5012,8617,192368,,7.6,6.3,7.6,6.2,5.5,6.5,6.5,114,2192,10,247,
82,Tien Giang,2019,1766,0.7,95.9,11.9,55.4,33.9,59929,22339,17197,16906,3486,283978,32991,,5013,0.8,350,5662,10031,226560,,6.6,7,7.3,6.3,6.3,6.6,6.3,117,2581.2,4,396.4,
83,Ben Tre,2015,1275.8,0.5,94.6,12.6,28.6,20,25548,9220,4316,11113,899,NA,10853,,901,0.9,167,3065,2420,43405,,8.6,8.6,8.6,8.5,8.5,8.5,8.5,55,591.1,2,173.6,
83,Ben Tre,2016,1278.6,0.5,95,12.4,30.6,21.3,27220,9101,4883,12309,927,NA,11364,,741,0.9,52,3601,3366,60522,,8.6,6.4,7.4,6.5,4.9,5.8,7.2,56,781.4,7,219,
83,Ben Tre,2017,1282.4,0.5,94.7,12.9,33.5,22.8,29188,9901,5217,13107,963,NA,9844,,480,1,213,4367,3906,80747,,7.9,7,7.6,6.4,7,6.9,6.8,59,865.3,4,246,
83,Ben Tre,2018,1286,0.5,93.8,9.1,36.9,24.3,31296,10317,5967,13988,1024,NA,10987,,573,0.9,390,5142,5083,131630,,7,7.3,8.5,7.2,6.8,7.1,7.7,61,1053.6,4,403.5,
83,Ben Tre,2019,1289.1,0.5,95.2,11.6,40.5,26,33508,10710,6723,14893,1181,4000,11905,,503,1,45,5431,5788,176325,,7,7,8.8,8,7.5,6.3,7.8,64,1079.4,3,64.8,
84,Tra Vinh,2015,1006.9,0.4,87.9,10.4,35.2,24.6,24744,11266,3874,8013,1591,NA,21466,,1254,0.9,2527,4027,4380,34528,,8.6,8.6,8.6,8.6,8.6,8.6,8.6,27,2684.1,2,2526.8,
84,Tra Vinh,2016,1007.6,0.4,87.4,11.5,40.2,27.6,27792,10156,6971,8678,1987,NA,15842,,205,1,256,4591,4608,41760,,8.2,6.8,7.5,6.1,4.9,5,7,33,2940.6,8,259.8,
84,Tra Vinh,2017,1008.1,0.4,88.5,12.1,47.4,30.9,31137,10858,9081,9160,2038,46918,16021,,471,1,147,4652,5781,61798,,8.1,7.3,7.9,7.8,5.8,4.8,6.7,37,3080.5,4,143.3,
84,Tra Vinh,2018,1008.8,0.4,87.8,10.8,53.1,33.8,34106,11626,10504,9813,2163,NA,15447,,5027,0.7,149,5167,5857,80114,,7.3,7.1,7.7,7.4,5.5,6.1,6.4,39,3231.2,2,150.8,
84,Tra Vinh,2019,1009.3,0.4,89.5,11.8,59.1,38.8,39169,11926,14114,10494,2635,405635,16202,,5149,0.7,101,,,120549,,7.5,6.9,8.2,7.3,6.7,5.6,6.5,43,3330.7,4,110.6,
86,Vinh Long,2015,1023.2,0.7,93.7,13.7,37.5,26.1,26669,10001,4423,10842,1402,1469479,8637,,524,0.9,61,3651,4301,61003,,8.5,8.5,8.5,8.4,8.4,8.4,8.3,27,234.2,4,12.8,
86,Vinh Long,2016,1022.9,0.7,93.5,14.9,40.7,27.3,27897,9897,4893,11529,1578,724757,9081,,918,0.9,144,4034,4830,60140,,9.3,7,7.8,5.8,5.3,5.8,5.9,38,478.7,7,143,
86,Vinh Long,2017,1022.6,0.7,94.4,15.7,44.4,28.8,29458,10117,5314,12283,1744,1326323,9349,,745,0.9,124,4652,5394,97215,,8.5,6.7,7.4,6.6,6.2,6.7,7.1,38,552.6,3,127.7,
86,Vinh Long,2018,1022.7,0.7,93.1,15.7,48.2,30.5,31159,10443,5776,13065,1875,862335,9340,,721,0.9,163,5316,5396,131936,,7.9,7.9,8.7,8.3,6.7,6.8,7.5,47,604.8,11,170.8,
86,Vinh Long,2019,1022.6,0.7,95.8,15.8,52.3,32.2,32899,10638,6429,13862,1969,1600790,10224,,960,0.9,117,5051,6071,145638,,7.9,7.9,8.7,8.3,6.7,6.8,7.5,62,741.6,18,150.5,
87,Dong Thap,2015,1625.6,0.5,93.6,11,35.2,25.8,41887,16165,9108,14208,2406,243841,6431,,42,1,33,4952,4904,112176,,8.7,8.7,8.7,8.7,8.7,8.6,8.6,17,105.5,1,10.4,
87,Dong Thap,2016,1619,0.5,93.1,11.9,38.4,27.3,44227,16482,9823,15393,2529,96957,7173,,62,1,28,5432,5053,154604,,9,6.6,8.7,6.9,6.3,5.5,6.8,18,118.2,3,19.1,
87,Dong Thap,2017,1612.5,0.5,93.5,15.3,42.3,29.1,46898,17030,10469,16502,2896,107416,7275,,63,1,49,6469,6237,197174,,8.3,7.6,8.7,6.9,7,6.7,7.1,21,169.4,4,76.5,
87,Dong Thap,2018,1606.1,0.5,91.6,11.3,47.4,31.2,50184,18123,11371,17518,3171,74262,9073,,26,1,1,6860,6189,638959,,7.4,7.8,8.9,7.4,7.8,6.8,7.5,16,604.8,1,7.3,
87,Dong Thap,2019,1598.8,0.5,93.8,13.5,51.5,33.4,53457,18694,12465,18810,3488,126740,10077,,14,1,12,,,760000,,6.4,7.7,8.4,7.6,8.4,6.8,7.8,18,168.7,2,13,
89,An Giang,2015,2000.8,0.6,76,9,30.2,21.4,42885,17950,5594,17909,1432,108978,7959,,109,1,54,5721,3709,68160,,8.7,8.7,8.7,8.7,8.6,8.6,8.6,27,204,9,93.8,
89,An Giang,2016,1976.4,0.6,75.9,10.4,33.1,22.7,44818,18065,6027,19177,1549,130610,8290,,292,1,0,5201,4735,103735,,8.6,6,7,5.4,5.4,5.5,5.6,26,182.1,1,11,
89,An Giang,2017,1954.2,0.6,76.6,12.5,36.2,23.9,46778,18374,6292,20478,1634,166390,8983,,199,1,7,5318,4930,193934,,8.7,6.4,6.9,5.2,6.4,6,6.2,25,198.2,1,8.1,
89,An Giang,2018,1931.1,0.5,76.1,13.5,40.5,25.6,49432,18957,6940,21756,1780,191373,11662,,229,1,3,5699,5039,234450,,7,7.6,7.6,7.1,6.2,6.2,6,25,208.1,2,1.8,
89,An Giang,2019,1907.4,0.5,69.6,14.6,44.3,27.5,52531,19700,7650,23252,1929,506585,11557,,28,1,58,,,218809,,7.1,7.8,7.6,6.6,6.9,5.6,6.4,26,267.6,2,65.4,
91,Kien Giang,2015,1705.4,0.3,91.3,10.9,37.7,29.7,50648,20473,9184,19625,1367,107227,28139,,338,1,47,5487,8622,97018,,8.7,8.7,8.6,8.6,8.6,8.6,8.6,38,2957.6,2,33,
91,Kien Giang,2016,1708.7,0.3,90.7,12.4,40.9,31.6,53994,19986,10405,21891,1712,134195,31384,,359,1,8,5108,8581,142153,,8.4,6.2,6.9,5.7,5.1,6.2,6.2,42,3076,2,5.1,
91,Kien Giang,2017,1712.9,0.3,91.4,10.8,45.4,33.9,57983,20462,11078,24531,1912,117368,34769,,256,1,1342,5771,8805,170231,,8.4,6.5,7.6,6.9,4.6,7.1,6.2,48,4371.3,7,1313.3,
91,Kien Giang,2018,1718.1,0.3,90.9,15.2,50,36.3,62362,21478,11970,26367,2548,447716,34412,,404,1,6,6957,7933,201326,,6.4,7,7.4,6.8,5.7,6.6,6.2,51,4724.5,4,353.9,
91,Kien Giang,2019,1723.7,0.3,93.4,13.6,54.1,38.8,66914,22144,13084,28846,2840,218,33319,,145,1,11,,,240386,,6.5,7.2,8.1,7.3,6.2,5.7,7.5,60,4802.2,7,20.7,
92,Can Tho,2015,1208.5,0.8,94.2,18.5,51,51,61616,7374,20010,29735,4496,1703537,18882,,978,0.9,19,4186,5298,113000,,8.2,8.2,8.1,8.1,8.1,8.1,8.1,74,799.2,5,17.9,
92,Can Tho,2016,1214.6,0.8,94.2,20.1,55.4,55.4,67271,7564,22007,32874,4827,1051702,18823,,1156,0.9,224,5081,5698,138000,,8.7,6.2,7.3,6.1,4.7,5.8,6.6,81,618.2,8,242.4,
92,Can Tho,2017,1222.4,0.9,94.2,22.2,60.1,60.1,73449,7648,23371,36963,5467,1869926,19391,,851,1,8,5436,6789,175000,,7.9,6.7,6.8,6.2,6.1,6.8,6.5,76,643.6,4,31.2,
92,Can Tho,2018,1227.7,0.9,93.9,23.9,67.8,67.8,83216,8519,27795,40840,6061,1116460,20182,,1086,0.9,11,5214,6837,192000,,7.1,7.2,7.6,6.5,5.6,6.8,5.9,82,693,7,43.9,
92,Can Tho,2019,1236,0.9,96.5,24.8,74,74,91471,8618,31615,44790,6449,669711,22020,,815,1,43,6035,6233,207000,,6.5,7.2,8,6.6,6.5,7,6.9,85,725.8,7,69.1,
93,Hau Giang,2015,742.4,0.5,94.3,9.4,34,24.5,18212,5692,3585,7050,1886,NA,11389,,652,0.9,,4570,3806,,571150,9.2,9.2,9.2,9,8.9,8.8,8.8,20,1351.2,0,250,
93,Hau Giang,2016,740.1,0.5,94.5,9.3,36.6,26.2,19414,5741,4022,7630,2022,NA,12455,,784,0.9,,4935,3638,,663925,8,6.4,7,5.7,5.2,5.2,6.5,19,792.7,0,70,
93,Hau Giang,2017,737.3,0.5,94.9,9.3,40,28.1,20716,5889,4483,8180,2165,13210,12466,,1004,0.9,1,5696,4511,,616273,7.9,5.9,7.9,6.1,6.7,5.5,6.1,21,793.6,2,0.9,
93,Hau Giang,2018,734.9,0.5,94,9.3,44.3,30.1,22151,6020,5098,8692,2341,281970,12921,,941,0.9,70,5696,5224,,635132,7.7,6.7,7,6.5,6,6.1,6.2,21,450.1,1,5.9,
93,Hau Giang,2019,732.2,0.5,94.4,9.2,48,32.2,23591,6187,5637,9243,2524,253579,13679,,851,0.9,,5804,5324,,602727,7.7,6.3,8.1,7,7.2,5.7,6.4,23,519.8,2,71,
94,Soc Trang,2015,1236.3,0.4,88.3,9.7,31.2,22.7,28073,13901,3864,9494,815,49757,6080,,21,1,6,3610,2060,49276,,8.8,8.8,8.8,8.7,8.7,8.7,8.7,13,118.6,1,13,
94,Soc Trang,2016,1227.6,0.4,87.7,10.3,33.8,23.8,29261,14028,4208,10176,849,65971,6739,,71,1,5,4650,2860,56890,,8.6,6.8,8.4,6.5,5.7,4.4,6.5,14,123.6,1,5,
94,Soc Trang,2017,1218.3,0.4,89.9,10.4,37.4,25.1,30549,14486,4425,10728,909,412475,7577,,16,1,110,4810,3580,80969,,8.3,7.3,7.8,6.8,5.2,5.5,6,13,126.3,1,20,
94,Soc Trang,2018,1208.8,0.4,89.9,11.3,41.5,26.9,32525,15293,4802,11381,1049,615552,8706,,41,1,100,6060,4110,113223,,7.7,7.4,8,7.5,7.3,5,6.7,15,240.6,3,89.8,
94,Soc Trang,2019,1199.5,0.4,89.3,12.5,44.4,28.6,34317,15833,5306,12058,1120,NA,10300,,52,1,24,7000,4380,132698,,7.2,7.1,8,7,6.9,5.4,6.7,15,247.4,5,112.3,
95,Bac Lieu,2015,887.3,0.3,94,47,32.6,23.3,20661,10113,3074,6488,986,NA,8652,,45,1,NA,3727,3765,27917,,8,7.9,7.9,7.9,7.8,7.8,7.6,17,94.2,0,5.7,
95,Bac Lieu,2016,892.8,0.3,95,49,35.4,24.7,22056,10521,3393,7054,1088,NA,9783,,46,1,NA,4497,5922,36680,,8.3,6.3,7.1,6.4,5.4,5.1,6.8,16,74.8,0,0,
95,Bac Lieu,2017,897.7,0.3,95.1,51.1,39.8,26.1,23443,10948,3731,7582,1182,NA,11194,,54,1,NA,4614,5581,55438,,8.6,6.6,6.7,6.4,6,5.8,5.7,11,71.5,0,0,
95,Bac Lieu,2018,903,0.3,95.1,53.3,44.8,28.1,25365,11633,4288,8153,1291,NA,12574,,21,1,366,4722,6820,71363,,6.6,7.2,6.3,6.5,5.4,7,6.4,11,439.9,1,368.1,
95,Bac Lieu,2019,908.2,0.3,95.1,58.3,51.1,30.9,28056,12337,5117,9195,1407,NA,16480,,80,1,9,,,120956,,7.7,7.4,7.1,6,6.3,5.8,6.5,13,553.4,2,114.1,
96,Ca Mau,2015,1199.5,0.2,95.6,10.2,35.9,28,33571.9,8234.1,11330.7,12718.5,1288.6,180493,9403,,18,1,12,5014,5288,38781,,7.9,5.9,7.6,5.1,4.7,5.7,5.4,9,789.5,0,0,
96,Ca Mau,2016,1198.1,0.2,95.3,10.5,37.4,28.5,34203.9,7999.4,11530.2,13276.8,1397.5,209520,10398,,20,1,12,5443,8038,58080,,8.5,6.1,7,5.9,4.8,5.4,5.8,11,793.4,0,0,
96,Ca Mau,2017,1197,0.2,95.8,10.4,43.2,30.7,36745,11456,13691,10160,1437,16904,11364,,2,1,314,6110,8038,77200,,8,6.2,7,6.4,5.2,6.3,5.5,11,40.3,2,21,
96,Ca Mau,2018,1195.6,0.2,95.6,12.4,48.2,32.4,38686,12281,14068,10823,1514,29082,14570,,131,1,394,6951,7709,97239,,8.2,6.1,7.3,5.9,5.2,6.6,5.4,11,70.2,2,37.7,
96,Ca Mau,2019,1194.3,0.2,95.2,12.3,51.6,34.4,41055,12712,15236,11505,1601,20247,16064,,259,1,,,,131267,,8.1,6.7,6.9,6.3,5.6,6.8,6.7,11,146.7,2,80.2,
